Datetime,Water Level (m)
2025-07-03 18:00:00,-0.107698224
2025-07-03 19:00:00,-0.101972334
2025-07-03 20:00:00,0.06757733
2025-07-03 21:00:00,0.36394343
2025-07-03 22:00:00,0.64696133
2025-07-03 23:00:00,0.8584691
2025-07-04 00:00:00,0.95557714
2025-07-04 01:00:00,0.9223007
2025-07-04 02:00:00,0.7752551
2025-07-04 03:00:00,0.5840969
2025-07-04 04:00:00,0.40462995
2025-07-04 05:00:00,0.2690335
2025-07-04 06:00:00,0.20346087
2025-07-04 07:00:00,0.24725057
2025-07-04 08:00:00,0.40270147
2025-07-04 09:00:00,0.59735864
2025-07-04 10:00:00,0.76986533
2025-07-04 11:00:00,0.8773775
2025-07-04 12:00:00,0.9007553
2025-07-04 13:00:00,0.82847846
2025-07-04 14:00:00,0.69464284
2025-07-04 15:00:00,0.5303853
2025-07-04 16:00:00,0.34967956
2025-07-04 17:00:00,0.18311478
2025-07-04 18:00:00,0.05309972
2025-07-04 19:00:00,-0.030985778
2025-07-04 20:00:00,-0.015490461
2025-07-04 21:00:00,0.16321619
2025-07-04 22:00:00,0.42367327
2025-07-04 23:00:00,0.65178794
2025-07-05 00:00:00,0.8281728
2025-07-05 01:00:00,0.9274811
2025-07-05 02:00:00,0.92599666
2025-07-05 03:00:00,0.83312666
2025-07-05 04:00:00,0.68463725
2025-07-05 05:00:00,0.51406926
2025-07-05 06:00:00,0.36327422
2025-07-05 07:00:00,0.25791585
2025-07-05 08:00:00,0.22458073
2025-07-05 09:00:00,0.3012899
2025-07-05 10:00:00,0.47548243
2025-07-05 11:00:00,0.6717071
2025-07-05 12:00:00,0.812843
2025-07-05 13:00:00,0.86056495
2025-07-05 14:00:00,0.80212766
2025-07-05 15:00:00,0.6777942
2025-07-05 16:00:00,0.52980477
2025-07-05 17:00:00,0.37167177
2025-07-05 18:00:00,0.22411044
2025-07-05 19:00:00,0.09489344
2025-07-05 20:00:00,0.0018529294
2025-07-05 21:00:00,-0.014716945
2025-07-05 22:00:00,0.11106323
2025-07-05 23:00:00,0.39687884
2025-07-06 00:00:00,0.68711674
2025-07-06 01:00:00,0.9138764
2025-07-06 02:00:00,1.0286987
2025-07-06 03:00:00,1.0187811
2025-07-06 04:00:00,0.91323155
2025-07-06 05:00:00,0.7514202
2025-07-06 06:00:00,0.574722
2025-07-06 07:00:00,0.42175424
2025-07-06 08:00:00,0.30659026
2025-07-06 09:00:00,0.24378076
2025-07-06 10:00:00,0.2501865
2025-07-06 11:00:00,0.36558005
2025-07-06 12:00:00,0.5631905
2025-07-06 13:00:00,0.74940264
2025-07-06 14:00:00,0.84825116
2025-07-06 15:00:00,0.8375154
2025-07-06 16:00:00,0.7341645
2025-07-06 17:00:00,0.57102436
2025-07-06 18:00:00,0.38964024
2025-07-06 19:00:00,0.21683961
2025-07-06 20:00:00,0.06900121
2025-07-06 21:00:00,-0.035243075
2025-07-06 22:00:00,-0.061794307
2025-07-06 23:00:00,0.07258209
2025-07-07 00:00:00,0.37844416
2025-07-07 01:00:00,0.70252
2025-07-07 02:00:00,0.9475799
2025-07-07 03:00:00,1.0804962
2025-07-07 04:00:00,1.0907509
2025-07-07 05:00:00,0.9909693
2025-07-07 06:00:00,0.824172
2025-07-07 07:00:00,0.6285179
2025-07-07 08:00:00,0.44969708
2025-07-07 09:00:00,0.30808195
2025-07-07 10:00:00,0.21183023
2025-07-07 11:00:00,0.17847663
2025-07-07 12:00:00,0.2814481
2025-07-07 13:00:00,0.5160464
2025-07-07 14:00:00,0.7570648
2025-07-07 15:00:00,0.8924681
2025-07-07 16:00:00,0.89782137
2025-07-07 17:00:00,0.77503234
2025-07-07 18:00:00,0.57719386
2025-07-07 19:00:00,0.36526522
2025-07-07 20:00:00,0.1689721
2025-07-07 21:00:00,0.003296527
2025-07-07 22:00:00,-0.117136076
2025-07-07 23:00:00,-0.14808854
2025-07-08 00:00:00,0.03539198
2025-07-08 01:00:00,0.41178325
2025-07-08 02:00:00,0.7862582
2025-07-08 03:00:00,1.074148
2025-07-08 04:00:00,1.2312607
2025-07-08 05:00:00,1.2391055
2025-07-08 06:00:00,1.1012634
2025-07-08 07:00:00,0.8697768
2025-07-08 08:00:00,0.62472385
2025-07-08 09:00:00,0.4158631
2025-07-08 10:00:00,0.2474743
2025-07-08 11:00:00,0.1313409
2025-07-08 12:00:00,0.08935718
2025-07-08 13:00:00,0.2210071
2025-07-08 14:00:00,0.5230107
2025-07-08 15:00:00,0.8093928
2025-07-08 16:00:00,0.962326
2025-07-08 17:00:00,0.9623374
2025-07-08 18:00:00,0.8134682
2025-07-08 19:00:00,0.5818001
2025-07-08 20:00:00,0.34285888
2025-07-08 21:00:00,0.13393746
2025-07-08 22:00:00,-0.039103195
2025-07-08 23:00:00,-0.16675808
2025-07-09 00:00:00,-0.19214386
2025-07-09 01:00:00,0.060223553
2025-07-09 02:00:00,0.4909189
2025-07-09 03:00:00,0.89453506
2025-07-09 04:00:00,1.2053599
2025-07-09 05:00:00,1.3775694
2025-07-09 06:00:00,1.3305682
2025-07-09 07:00:00,1.1351483
2025-07-09 08:00:00,0.8643297
2025-07-09 09:00:00,0.6028915
2025-07-09 10:00:00,0.3771848
2025-07-09 11:00:00,0.19515172
2025-07-09 12:00:00,0.06250416
2025-07-09 13:00:00,0.020102775
2025-07-09 14:00:00,0.23372607
2025-07-09 15:00:00,0.60612977
2025-07-09 16:00:00,0.9081499
2025-07-09 17:00:00,1.0645832
2025-07-09 18:00:00,1.0359185
